[
 {
  "name": "PC Experts",
  "postal": "90025",
  "phone": "(818) 992-6200"
 },
 {
  "name": "BMI",
  "postal": "90016",
  "phone": "(818) 992-6200"
 },
 {
  "name": "Zeus Networks",
  "postal": "90066",
  "phone": "(818) 992-6200"
 },
 {
  "name": "Aim Rental",
  "postal": "90016",
  "phone": "(818) 992-6200"
 },
 {
  "name": "L. A. Computer Works",
  "postal": "90064",
  "phone": "(818) 992-6200"
 },
 {
  "name": "RSW Bookkeeping & Tax Services",
  "postal": "90022",
  "phone": "(818) 992-6200"
 },
 {
  "name": "Chromium Inc",
  "postal": "90013",
  "phone": "(818) 992-6200"
 },
 {
  "name": "Desktop Conquest",
  "postal": "90057",
  "phone": "(818) 992-6200"
 },
 {
  "name": "L. A. PC Doctor - Computer Repair",
  "postal": "90003",
  "phone": "(818) 992-6200"
 },
 {
  "name": "High-Tech Systems",
  "postal": "90045",
  "phone": "(818) 992-6200"
 },
 {
  "name": "Hippo Computer",
  "postal": "90019",
  "phone": "(818) 992-6200"
 },
 {
  "name": "Loco 4 Tech",
  "postal": "90029",
  "phone": "(818) 992-6200"
 },
 {
  "name": "Micro Computer Center",
  "postal": "90064",
  "phone": "(818) 992-6200"
 },
 {
  "name": "Advance Computer Corp",
  "postal": "90025",
  "phone": "(818) 992-6200"
 },
 {
  "name": "Apumac",
  "postal": "90048",
  "phone": "(818) 992-6200"
 },
 {
  "name": "A1A Computing",
  "postal": "90025",
  "phone": "(818) 992-6200"
 },
 {
  "name": "E C Computer Systems",
  "postal": "90028",
  "phone": "(818) 992-6200"
 },
 {
  "name": "Nyps Computers",
  "postal": "90007",
  "phone": "(818) 992-6200"
 },
 {
  "name": "Innoprice, Inc.",
  "postal": "90012",
  "phone": "(818) 992-6200"
 },
 {
  "name": "E One Systems",
  "postal": "90079",
  "phone": "(818) 992-6200"
 },
 {
  "name": "Digicomp International Inc",
  "postal": "90038",
  "phone": "(818) 992-6200"
 },
 {
  "name": "Exacore",
  "postal": "90013",
  "phone": "(818) 992-6200"
 },
 {
  "name": "Micro Solutions Inc",
  "postal": "90024",
  "phone": "(818) 992-6200"
 },
 {
  "name": "Lasercare Technologies",
  "postal": "90034",
  "phone": "(818) 992-6200"
 },
 {
  "name": "Vermont PC Repair",
  "postal": "90029",
  "phone": "(818) 992-6200"
 },
 {
  "name": "Computech Support Services",
  "postal": "90034",
  "phone": "(818) 992-6200"
 },
 {
  "name": "CoCu Kids",
  "postal": "90029",
  "phone": "(818) 992-6200"
 },
 {
  "name": "Mac Hollywood, Inc.",
  "postal": "90028",
  "phone": "(818) 992-6200"
 },
 {
  "name": "HelloTech",
  "postal": "90025",
  "phone": "(818) 992-6200"
 },
 {
  "name": "Adexa Inc",
  "postal": "90045",
  "phone": "(818) 992-6200"
 },
 {
  "name": "The Writers Store Inc",
  "postal": "90025",
  "phone": "(818) 992-6200"
 },
 {
  "name": "Paris Laser Printer Repair",
  "postal": "90025",
  "phone": "(800) 854-4844"
 }
]